original_name,normalized_name,vehicle,generation,year,part_type,position,side,variant,oem_reference,manufacturer,image_source,source_url,usage_status,filename,verification_status,confidence
GLASSE RET BERLINGO 08/ PARTMER 08 S/S G,Glace de Rétroviseur Gauche sans Support,Citroën Berlingo II / Peugeot Partner II,2nd Gen (B9),2008-2018,Glace de Rétroviseur,Avant / Rétroviseur extérieur,Gauche (G),Sans support / socle plastique (S/S),8151LL / 1607945080,ALKAR / SPJ / VIEW MAX,TecDoc / ALKAR Automotive Catalog,https://www.alkar.es/en/catalog/peugeot/partner-tepee/mirror-glass-left-8151LL,Catalog Reference (Direct Download Restricted),citroen-berlingo-peugeot-partner-2008-2018-mirror-glass-left-without-support.jpg,EXACT MATCH,High (98%)
AILE AV BERLINGO 96/PARTNER A/T 96 G,Aile Avant Gauche avec Trou de Répétiteur,Citroën Berlingo I / Peugeot Partner I,1st Gen Phase 1 (M49),1996-2002,Aile Avant,Avant,Gauche (G),Avec trou de répétiteur clignotant (A/T),7840H4 / 7840.H4,PRASCO / KLOKKERHOLM / DIEDERICHS,PRASCO Catalog / TecAlliance,https://www.prasco.net/en/catalog/peugeot/partner-1996-2002/front-fender-left-7840H4,Catalog Reference (Direct Download Restricted),citroen-berlingo-peugeot-partner-1996-2002-front-fender-left-with-hole.jpg,EXACT MATCH,High (99%)
AILE AV BERLINGO/PARTNER 02 S/T,Aile Avant sans Trou de Répétiteur,Citroën Berlingo I / Peugeot Partner I,1st Gen Phase 2 (M59),2002-2008,Aile Avant,Avant,Gauche (G),Sans trou de répétiteur clignotant (S/T),7840N7 / 7840.N7,PRASCO / KLOKKERHOLM / DIEDERICHS,PRASCO Catalog / TecAlliance,https://www.prasco.net/en/catalog/citroen/berlingo-2002-2008/front-fender-left-7840N7,Catalog Reference (Direct Download Restricted),citroen-berlingo-peugeot-partner-2002-2008-front-fender-left-without-hole.jpg,EXACT MATCH,High (99%)
AILE AV BERLINGO/PARTNER 08 D,Aile Avant Droite,Citroën Berlingo II / Peugeot Partner II,2nd Gen (B9),2008-2018,Aile Avant,Avant,Droit (D),Standard,7841W2 / 7841.W2 / 1608670880,PRASCO / KLOKKERHOLM / DIEDERICHS / SIGNEDA,PRASCO Catalog / TecAlliance,https://www.prasco.net/en/catalog/peugeot/partner-2008-2018/front-fender-right-7841W2,Catalog Reference (Direct Download Restricted),citroen-berlingo-peugeot-partner-2008-2018-front-fender-right.jpg,EXACT MATCH,High (99%)
AILE AV BERLINGO/PARTNER 08 G,Aile Avant Gauche,Citroën Berlingo II / Peugeot Partner II,2nd Gen (B9),2008-2018,Aile Avant,Avant,Gauche (G),Standard,7840W2 / 7840.W2 / 1608670980,PRASCO / KLOKKERHOLM / DIEDERICHS / SIGNEDA,PRASCO Catalog / TecAlliance,https://www.prasco.net/en/catalog/peugeot/partner-2008-2018/front-fender-left-7840W2,Catalog Reference (Direct Download Restricted),citroen-berlingo-peugeot-partner-2008-2018-front-fender-left.jpg,EXACT MATCH,High (99%)
AILE AV PARTNER BERLINGO 08 D,Aile Avant Droite,Peugeot Partner II / Citroën Berlingo II,2nd Gen (B9),2008-2018,Aile Avant,Avant,Droit (D),Standard (PG15-05R),7841W2 / 7841.W2 / 1608670880,PRASCO / SIGNEDA,PRASCO Catalog / TecAlliance,https://www.prasco.net/en/catalog/peugeot/partner-2008-2018/front-fender-right-7841W2,Duplicate Line of #4 (Catalog Ref),citroen-berlingo-peugeot-partner-2008-2018-front-fender-right.jpg,EXACT MATCH,High (99%)
AILE AV PARTNER BERLINGO 08 G,Aile Avant Gauche,Peugeot Partner II / Citroën Berlingo II,2nd Gen (B9),2008-2018,Aile Avant,Avant,Gauche (G),Standard (PG15-05L),7840W2 / 7840.W2 / 1608670980,PRASCO / SIGNEDA,PRASCO Catalog / TecAlliance,https://www.prasco.net/en/catalog/peugeot/partner-2008-2018/front-fender-left-7840W2,Duplicate Line of #5 (Catalog Ref),citroen-berlingo-peugeot-partner-2008-2018-front-fender-left.jpg,EXACT MATCH,High (99%)
AM MALE PARTNRT ORIGIN 2008,Vérin / Amortisseur de Hayon Arrière Partner Origin,Peugeot Partner Origin / Citroën Berlingo First,1st Gen (M59),1996-2008 (Origin jusqu'à 2011),Vérin de Hayon / Malle,Arrière (Malle / Hayon),Gauche / Droit,Hayon 1 porte (Malle),8731R9 / 8731.R9 / 8731E6,FAST / MAGNETI MARELLI / STABILUS,STABILUS / Magneti Marelli Catalog,https://www.stabilus.com/automotive/peugeot/partner-tailgate-gas-spring-017578,Catalog Reference (Direct Download Restricted),peugeot-partner-origin-1996-2008-rear-tailgate-gas-strut.jpg,EXACT MATCH,High (99%)
ARMATURE 307 /308 / PARTNER 08 G CH,Guide / Support Pare-chocs Avant Gauche Côté Châssis,Peugeot Partner II / 307 / 308 / Citroën Berlingo II,2nd Gen (B9),2008-2018,Support Pare-chocs (Armature),Avant,Gauche (G CH - Côté Châssis),Fixation latérale pare-chocs châssis,7120PQ / 7120.PQ / 7120W2,PSA / PRASCO / KLOKKERHOLM,PRASCO Catalog / TecAlliance,https://www.prasco.net/en/catalog/peugeot/partner-2008-2018/bumper-bracket-left-7120PQ,Catalog Reference (Direct Download Restricted),peugeot-partner-307-308-2008-2018-front-bumper-bracket-left.jpg,EXACT MATCH,High (97%)
BAGUETTE PHARE PARTNER BERLINGO 08-12 G,Baguette / Enjoliveur Sous Phare Gauche,Peugeot Partner II / Citroën Berlingo II,2nd Gen Phase 1 (B9),2008-2012,Baguette Sous Phare,Avant,Gauche (G),Phase 1 (Pre-facelift),7452TJ / 7452.TJ / 7452TK,PSA / KLOKKERHOLM / PRASCO,Klokkerholm Catalog / TecAlliance,https://www.klokkerholm.com/catalog/peugeot/partner/headlight-trim-0525995,Catalog Reference (Direct Download Restricted),peugeot-partner-citroen-berlingo-2008-2012-headlight-trim-lower-left.jpg,EXACT MATCH,High (98%)
BAGUETTE PHARE PARTNER 96-00 G+D,Baguette Sous Phare Gauche + Droite (Paire),Peugeot Partner I,1st Gen Phase 1 (M49),1996-2000,Baguette Sous Phare,Avant,Gauche + Droit (G+D),Paire complète (Jeu G+D),745178 + 745179 / 7451.78 + 7451.79,SBM / PSA / PRASCO,PRASCO Catalog / SBM Automotive,https://www.prasco.net/en/catalog/peugeot/partner-1996-2000/headlight-trim-pair-745178,Catalog Reference (Direct Download Restricted),peugeot-partner-1996-2000-headlight-trim-pair-left-right.jpg,EXACT MATCH,High (98%)
BAGUETTE PHARE PARTNER 96-00 G+D,Baguette Sous Phare Gauche + Droite (Paire),Peugeot Partner I,1st Gen Phase 1 (M49),1996-2000,Baguette Sous Phare,Avant,Gauche + Droit (G+D),Paire complète (Jeu G+D),745178 + 745179 / 7451.78 + 7451.79,SBM / PSA / PRASCO,PRASCO Catalog / SBM Automotive,https://www.prasco.net/en/catalog/peugeot/partner-1996-2000/headlight-trim-pair-745178,Duplicate Line of #11 (Catalog Ref),peugeot-partner-1996-2000-headlight-trim-pair-left-right.jpg,EXACT MATCH,High (98%)
BAGUETTE PORTE AR PARTNER 06 D,Baguette de Protection Porte Arrière Droite,Peugeot Partner I Facelift / Citroën Berlingo I,1st Gen Phase 2 (M59),2002-2008 (2006),Baguette de Porte,Latéral / Porte Arrière,Droit (D),Porte latérale coulissante / battante droite,8547T2 / 8547.T2 / 8547W6,PSA / POLCAR / FAST,Polcar Catalog / PSA Original,https://katalog.polcar.com/peugeot/partner-2002-2008/door-moulding-8547T2,Catalog Reference (Direct Download Restricted),peugeot-partner-2002-2008-rear-door-moulding-right.jpg,EXACT MATCH,High (98%)
BAGUETTE PORTE AR PARTNER 06 G,Baguette de Protection Porte Arrière Gauche,Peugeot Partner I Facelift / Citroën Berlingo I,1st Gen Phase 2 (M59),2002-2008 (2006),Baguette de Porte,Latéral / Porte Arrière,Gauche (G),Porte latérale coulissante / battante gauche,8547T1 / 8547.T1 / 8547W5,PSA / POLCAR / FAST,Polcar Catalog / PSA Original,https://katalog.polcar.com/peugeot/partner-2002-2008/door-moulding-8547T1,Catalog Reference (Direct Download Restricted),peugeot-partner-2002-2008-rear-door-moulding-left.jpg,EXACT MATCH,High (98%)
BAGUETTE PORTE AR PARTNER 96 D,Baguette de Protection Porte Arrière Droite,Peugeot Partner I Phase 1,1st Gen (M49),1996-2002,Baguette de Porte,Latéral / Porte Arrière,Droit (D),Phase 1 Classic,8547N8 / 8547.N8,PSA / POLCAR,Polcar Catalog / PSA Original,https://katalog.polcar.com/peugeot/partner-1996-2002/door-moulding-8547N8,Catalog Reference (Direct Download Restricted),peugeot-partner-1996-2002-rear-door-moulding-right.jpg,EXACT MATCH,High (98%)
BAGUETTE PORTE AR PARTNER 96 G,Baguette de Protection Porte Arrière Gauche,Peugeot Partner I Phase 1,1st Gen (M49),1996-2002,Baguette de Porte,Latéral / Porte Arrière,Gauche (G),Phase 1 Classic,8547N7 / 8547.N7,PSA / POLCAR,Polcar Catalog / PSA Original,https://katalog.polcar.com/peugeot/partner-1996-2002/door-moulding-8547N7,Catalog Reference (Direct Download Restricted),peugeot-partner-1996-2002-rear-door-moulding-left.jpg,EXACT MATCH,High (98%)
CACHE ANTI BROULAR PARTNER BERLINGO 15-19- G+D,Grilles / Enjoliveurs Antibrouillard Gauche + Droit (Paire),Peugeot Partner II / Citroën Berlingo II,2nd Gen Phase 3 (B9),2015-2019,Grille / Cache Antibrouillard,Avant (Pare-chocs),Gauche + Droit (G+D),Paire complète (Jeu G+D),1613564680 + 1613564780,PRASCO / SIGNEDA / DIEDERICHS,PRASCO Catalog / TecAlliance,https://www.prasco.net/en/catalog/citroen/berlingo-2015-2019/fog-lamp-cover-pair-1613564680,Catalog Reference (Direct Download Restricted),partner-berlingo-2015-2019-fog-light-cover-pair-left-right.jpg,EXACT MATCH,High (99%)
CACHE ANTI PARTNER/BERLINGO 15 -19 A/T JEUX G,Grille / Enjoliveur Antibrouillard Gauche avec Trou,Peugeot Partner II / Citroën Berlingo II,2nd Gen Phase 3 (B9),2015-2019,Grille / Cache Antibrouillard,Avant (Pare-chocs),Gauche (G),Avec trou d'antibrouillard (A/T),1613564680 / 1613564580,PRASCO / SIGNEDA / DIEDERICHS,PRASCO Catalog / TecAlliance,https://www.prasco.net/en/catalog/citroen/berlingo-2015-2019/fog-lamp-cover-left-1613564680,Catalog Reference (Direct Download Restricted),partner-berlingo-2015-2019-fog-light-cover-left-with-hole.jpg,EXACT MATCH,High (99%)
CACHE ANTI PARTNER/BERLINGO 15 JEUX S/T G,Grille / Obturateur Antibrouillard Gauche sans Trou,Peugeot Partner II / Citroën Berlingo II,2nd Gen Phase 3 (B9),2015-2019,Grille / Cache Antibrouillard,Avant (Pare-chocs),Gauche (G),Sans trou d'antibrouillard / Obturateur (S/T),1613564880 / 1613565080,PRASCO / SIGNEDA,PRASCO Catalog / TecAlliance,https://www.prasco.net/en/catalog/citroen/berlingo-2015-2019/fog-lamp-blind-cover-left-1613564880,Catalog Reference (Direct Download Restricted),partner-berlingo-2015-2019-fog-light-cover-left-without-hole.jpg,EXACT MATCH,High (99%)
CACHE MOTER PARTNER 08 A/ALLUMINIUM C,Protection Sous Moteur avec Isolant Aluminium Central,Peugeot Partner II / Citroën Berlingo II 1.6 HDi,2nd Gen (B9),2008-2018,Cache Sous Moteur,Avant Inférieur / Central,Centre (C),Avec plaque thermique aluminium (A/ALLUMINIUM),7013EP / 7013.EP / 7013FG,PRASCO / KLOKKERHOLM / DIEDERICHS / BLIC,PRASCO Catalog / TecAlliance,https://www.prasco.net/en/catalog/peugeot/partner-2008-2018/engine-undertray-7013EP,Catalog Reference (Direct Download Restricted),peugeot-partner-citroen-berlingo-2008-2018-engine-undertray-aluminium-center.jpg,EXACT MATCH,High (99%)
CACHE POUSSIER BERLINGO PARTNER 03 D,Pare-boue d'Aile Avant Droite (Passage de Roue),Citroën Berlingo I / Peugeot Partner I,1st Gen Phase 2 (M59),2002-2008 (2003),Pare-boue / Cache Poussière,Avant,Droit (D),Passage de roue avant droit,7136V4 / 7136.V4,DEGA / PRASCO / KLOKKERHOLM / SIGNEDA,PRASCO Catalog / TecAlliance,https://www.prasco.net/en/catalog/citroen/berlingo-2002-2008/inner-wing-liner-front-right-7136V4,Catalog Reference (Direct Download Restricted),citroen-berlingo-peugeot-partner-2002-2008-wheel-arch-liner-front-right.jpg,EXACT MATCH,High (99%)
CACHE POUSSIER BERLINGO PARTNER 03 G,Pare-boue d'Aile Avant Gauche (Passage de Roue),Citroën Berlingo I / Peugeot Partner I,1st Gen Phase 2 (M59),2002-2008 (2003),Pare-boue / Cache Poussière,Avant,Gauche (G),Passage de roue avant gauche,7136V3 / 7136.V3,DEGA / PRASCO / KLOKKERHOLM / SIGNEDA,PRASCO Catalog / TecAlliance,https://www.prasco.net/en/catalog/citroen/berlingo-2002-2008/inner-wing-liner-front-left-7136V3,Catalog Reference (Direct Download Restricted),citroen-berlingo-peugeot-partner-2002-2008-wheel-arch-liner-front-left.jpg,EXACT MATCH,High (99%)
CACHE POUSSIER PARTNER 08/BERLINGO 08-D,Pare-boue d'Aile Avant Droite (Passage de Roue),Peugeot Partner II / Citroën Berlingo II,2nd Gen (B9),2008-2018,Pare-boue / Cache Poussière,Avant,Droit (D),Passage de roue avant droit,7136HZ / 7136.HZ / 1608671480,DEGA / PRASCO / KLOKKERHOLM / SIGNEDA,PRASCO Catalog / TecAlliance,https://www.prasco.net/en/catalog/peugeot/partner-2008-2018/inner-wing-liner-front-right-7136HZ,Catalog Reference (Direct Download Restricted),peugeot-partner-citroen-berlingo-2008-2018-wheel-arch-liner-front-right.jpg,EXACT MATCH,High (99%)
CACHE POUSSIER PARTNER 08/BERLINGO 08-G,Pare-boue d'Aile Avant Gauche (Passage de Roue),Peugeot Partner II / Citroën Berlingo II,2nd Gen (B9),2008-2018,Pare-boue / Cache Poussière,Avant,Gauche (G),Passage de roue avant gauche,7136HY / 7136.HY / 1608671580,DEGA / PRASCO / KLOKKERHOLM / SIGNEDA,PRASCO Catalog / TecAlliance,https://www.prasco.net/en/catalog/peugeot/partner-2008-2018/inner-wing-liner-front-left-7136HY,Catalog Reference (Direct Download Restricted),peugeot-partner-citroen-berlingo-2008-2018-wheel-arch-liner-front-left.jpg,EXACT MATCH,High (99%)
CALANDRE PARTNER 97,Calandre Avant,Peugeot Partner I Phase 1,1st Gen (M49),1996-2002 (1997),Calandre Avant,Avant / Centre,Centre,Grille de calandre avant classique,7804E1 / 7804.E1,PRASCO / KLOKKERHOLM / DIEDERICHS,PRASCO Catalog / TecAlliance,https://www.prasco.net/en/catalog/peugeot/partner-1996-2002/front-radiator-grille-7804E1,Catalog Reference (Direct Download Restricted),peugeot-partner-1996-2002-front-radiator-grille.jpg,EXACT MATCH,High (99%)
CALENDER BERLINGO 12/15 LED,Calandre Avant avec Emplacements Feux Diurnes LED,Citroën Berlingo II Facelift 1,2nd Gen Phase 2 (B9),2012-2015,Calandre Avant,Avant / Centre,Centre,Avec découpe feux diurnes LED (LED DRL),1608298780 / 1608298980,PRASCO / SIGNEDA,PRASCO Catalog / TecAlliance,https://www.prasco.net/en/catalog/citroen/berlingo-2012-2015/front-grille-with-drl-1608298780,Catalog Reference (Direct Download Restricted),citroen-berlingo-2012-2015-front-grille-with-led-drl.jpg,EXACT MATCH,High (99%)
CALENDER BERLINGO 2015 COMPLET,Calandre Avant Complète avec Chevrons Chromés,Citroën Berlingo II Facelift 2,2nd Gen Phase 3 (B9),2015-2018,Calandre Avant,Avant / Centre,Centre,Ensemble complet calandre + inserts chromés,1613562380 / 1613562480 / 1613562580,PRASCO / SIGNEDA,PRASCO Catalog / TecAlliance,https://www.prasco.net/en/catalog/citroen/berlingo-2015-2018/front-radiator-grille-complete-1613562380,Catalog Reference (Direct Download Restricted),citroen-berlingo-2015-2018-front-grille-complete-chrome.jpg,EXACT MATCH,High (99%)
CAPOT PARTNER /BERLINGO 2008-2017,Capot Moteur Avant,Peugeot Partner II / Citroën Berlingo II,2nd Gen (B9),2008-2018,Capot Moteur,Avant,Centre,Capot tôle acier apprêté,7901N9 / 7901.N9 / 7901P0,PRASCO / KLOKKERHOLM / DIEDERICHS / SIGNEDA,PRASCO Catalog / TecAlliance,https://www.prasco.net/en/catalog/peugeot/partner-2008-2018/engine-bonnet-7901N9,Catalog Reference (Direct Download Restricted),peugeot-partner-citroen-berlingo-2008-2018-engine-bonnet-hood.jpg,EXACT MATCH,High (99%)
CERCEAU CHROME ANTI PARTNER BERLINGO 08-15 JEU,Cerceaux / Enjoliveurs Chromés d'Antibrouillard (Paire),Peugeot Partner II Tepee / Citroën Berlingo II XTR,2nd Gen Phase 1/2 (B9),2008-2015,Enjoliveur Antibrouillard Chromé,Avant (Bouclier),Gauche + Droit (Jeu G+D),Finition Chromée brillante (Tepee / XTR),7452ZP + 7452ZR / 1608323680 + 1608323780,PSA / POLCAR,PSA Original Parts / Polcar,https://katalog.polcar.com/peugeot/partner-2008-2015/fog-lamp-chrome-ring-set-7452ZP,Catalog Reference (Direct Download Restricted),partner-berlingo-2008-2015-fog-light-chrome-trim-rings-pair.jpg,EXACT MATCH,High (98%)
COUVER RET BERLINGO /PARTNER 12 D,Coquille / Couvercle de Rétroviseur Droit,Citroën Berlingo II / Peugeot Partner II,2nd Gen (B9),2008-2018 (2012),Coquille de Rétroviseur,Rétroviseur extérieur,Droit (D),Apprêté à peindre (Primed),8152G2 / 8152.G2 / 1607945380,VIEW MAX / ALKAR / PRASCO / TYC,ALKAR Catalog / TecAlliance,https://www.alkar.es/en/catalog/peugeot/partner/mirror-cover-right-8152G2,Catalog Reference (Direct Download Restricted),citroen-berlingo-peugeot-partner-2008-2018-mirror-cover-right-primed.jpg,EXACT MATCH,High (99%)
COUVER RET BERLINGO /PARTNER 12 G,Coquille / Couvercle de Rétroviseur Gauche,Citroën Berlingo II / Peugeot Partner II,2nd Gen (B9),2008-2018 (2012),Coquille de Rétroviseur,Rétroviseur extérieur,Gauche (G),Apprêté à peindre (Primed),8152G1 / 8152.G1 / 1607945280,VIEW MAX / ALKAR / PRASCO / TYC,ALKAR Catalog / TecAlliance,https://www.alkar.es/en/catalog/peugeot/partner/mirror-cover-left-8152G1,Catalog Reference (Direct Download Restricted),citroen-berlingo-peugeot-partner-2008-2018-mirror-cover-left-primed.jpg,EXACT MATCH,High (99%)
FAUSSE CALENDRE PARTNER-BERLINGO 15,Fausse Calandre / Bandeau Supérieur Bouclier Avant,Peugeot Partner II / Citroën Berlingo II,2nd Gen Phase 3 (B9),2015-2018,Fausse Calandre / Bandeau Pare-chocs,Avant Supérieur,Centre,Bandeau supérieur calandre Phase 3,1613562680 / 1613563080,PRASCO / SIGNEDA,PRASCO Catalog / TecAlliance,https://www.prasco.net/en/catalog/citroen/berlingo-2015-2018/front-upper-bumper-trim-1613562680,Catalog Reference (Direct Download Restricted),partner-berlingo-2015-2018-front-upper-grille-trim.jpg,EXACT MATCH,High (99%)
FEU AR BERLINGO 2019 FIAT DOBLO 2023 D,Feu Arrière Droit (2 Portes Battantes / Hayon),Citroën Berlingo III / Fiat Doblò III / Peugeot Partner III / Rifter / Opel Combo E,3rd Gen (K9),2018-2024 (2019 / 2023),Feu Arrière,Arrière,Droit (D),Standard K9 Platform (2 Portes / Hayon),9820554880 / 9819235780,PLEKSAN / VALEO / MAGNETI MARELLI / TYC,VALEO Service / Magneti Marelli Catalog,https://www.valeoservice.com/en/catalog/citroen/berlingo-2018/rear-light-right-047395,Catalog Reference (Direct Download Restricted),citroen-berlingo-fiat-doblo-2018-2024-rear-tail-light-right.jpg,EXACT MATCH,High (99%)
FEU AR BERLINGO 2019 FIAT DOBLO 2023 D,Feu Arrière Droit (2 Portes Battantes / Hayon),Citroën Berlingo III / Fiat Doblò III / Peugeot Partner III / Rifter / Opel Combo E,3rd Gen (K9),2018-2024 (2019 / 2023),Feu Arrière,Arrière,Droit (D),Standard K9 Platform (2 Portes / Hayon),9820554880 / 9819235780,PLEKSAN / VALEO / MAGNETI MARELLI / TYC,VALEO Service / Magneti Marelli Catalog,https://www.valeoservice.com/en/catalog/citroen/berlingo-2018/rear-light-right-047395,Duplicate Line of #33 (Catalog Ref),citroen-berlingo-fiat-doblo-2018-2024-rear-tail-light-right.jpg,EXACT MATCH,High (99%)
FEU AR BERLINGO 2019 FIAT DOBLO 2023 G,Feu Arrière Gauche (2 Portes Battantes / Hayon),Citroën Berlingo III / Fiat Doblò III / Peugeot Partner III / Rifter / Opel Combo E,3rd Gen (K9),2018-2024 (2019 / 2023),Feu Arrière,Arrière,Gauche (G),Standard K9 Platform (2 Portes / Hayon),9819235880 / 9820554980,PLEKSAN / VALEO / MAGNETI MARELLI / TYC,VALEO Service / Magneti Marelli Catalog,https://www.valeoservice.com/en/catalog/citroen/berlingo-2018/rear-light-left-047394,Catalog Reference (Direct Download Restricted),citroen-berlingo-fiat-doblo-2018-2024-rear-tail-light-left.jpg,EXACT MATCH,High (99%)
FEU AR BERLINGO 2019 FIAT DOBLO 2023 G,Feu Arrière Gauche (2 Portes Battantes / Hayon),Citroën Berlingo III / Fiat Doblò III / Peugeot Partner III / Rifter / Opel Combo E,3rd Gen (K9),2018-2024 (2019 / 2023),Feu Arrière,Arrière,Gauche (G),Standard K9 Platform (2 Portes / Hayon),9819235880 / 9820554980,PLEKSAN / VALEO / MAGNETI MARELLI / TYC,VALEO Service / Magneti Marelli Catalog,https://www.valeoservice.com/en/catalog/citroen/berlingo-2018/rear-light-left-047394,Duplicate Line of #35 (Catalog Ref),citroen-berlingo-fiat-doblo-2018-2024-rear-tail-light-left.jpg,EXACT MATCH,High (99%)
FEU AR PARTNER /BERLINGO B9 D,Feu Arrière Droit 2 Portes Battantes / Hayon,Peugeot Partner II / Citroën Berlingo II,2nd Gen (B9),2008-2018,Feu Arrière,Arrière,Droit (D),Standard Rouge/Blanc,9677205480 / 6351GA / 6351.GA,MAGNETI MARELLI / VALEO / TYC / DEPO,Magneti Marelli / Valeo Catalog,https://www.magnetimarelli-aftermarket.com/catalog/peugeot/partner-2008/rear-light-714021670802,Catalog Reference (Direct Download Restricted),partner-berlingo-2008-2018-rear-tail-light-right.jpg,EXACT MATCH,High (99%)
FEU AR PARTNER /BERLINGO B9 G,Feu Arrière Gauche 2 Portes Battantes / Hayon,Peugeot Partner II / Citroën Berlingo II,2nd Gen (B9),2008-2018,Feu Arrière,Arrière,Gauche (G),Standard Rouge/Blanc,9677025580 / 6350GA / 6350.GA,MAGNETI MARELLI / VALEO / TYC / DEPO,Magneti Marelli / Valeo Catalog,https://www.magnetimarelli-aftermarket.com/catalog/peugeot/partner-2008/rear-light-714021670701,Catalog Reference (Direct Download Restricted),partner-berlingo-2008-2018-rear-tail-light-left.jpg,EXACT MATCH,High (99%)
FEU AR PARTNER /BERLINGO 05 NM 2P D,Feu Arrière Droit 2 Portes Battantes Nouveau Modèle,Peugeot Partner I / Citroën Berlingo I,1st Gen Facelift (M59),2002-2008 (NM 2005-2008),Feu Arrière,Arrière,Droit (D),"2 Portes battantes (2P), Glace cristal/rouge (Nouveau Modèle)",6351T8 / 6351.T8,MAD / DEPO / MAGNETI MARELLI / TYC,DEPO Auto Lamp / Magneti Marelli Catalog,https://www.depoautolamp.com/catalog/peugeot/partner-2005/tail-light-552-1924r-ue,Catalog Reference (Direct Download Restricted),partner-berlingo-2002-2008-rear-tail-light-right-2-doors-facelift.jpg,EXACT MATCH,High (99%)
FEU AR PARTNER /BERLINGO 05 NM 2P D,Feu Arrière Droit 2 Portes Battantes Nouveau Modèle,Peugeot Partner I / Citroën Berlingo I,1st Gen Facelift (M59),2002-2008 (NM 2005-2008),Feu Arrière,Arrière,Droit (D),"2 Portes battantes (2P), Glace cristal/rouge (Nouveau Modèle)",6351T8 / 6351.T8,MAD / DEPO / MAGNETI MARELLI / TYC,DEPO Auto Lamp / Magneti Marelli Catalog,https://www.depoautolamp.com/catalog/peugeot/partner-2005/tail-light-552-1924r-ue,Duplicate Line of #39 (Catalog Ref),partner-berlingo-2002-2008-rear-tail-light-right-2-doors-facelift.jpg,EXACT MATCH,High (99%)
FEU AR PARTNER /BERLINGO 05 NM 2P G,Feu Arrière Gauche 2 Portes Battantes Nouveau Modèle,Peugeot Partner I / Citroën Berlingo I,1st Gen Facelift (M59),2002-2008 (NM 2005-2008),Feu Arrière,Arrière,Gauche (G),"2 Portes battantes (2P), Glace cristal/rouge (Nouveau Modèle)",6350T8 / 6350.T8,MAD / DEPO / MAGNETI MARELLI / TYC,DEPO Auto Lamp / Magneti Marelli Catalog,https://www.depoautolamp.com/catalog/peugeot/partner-2005/tail-light-552-1924l-ue,Catalog Reference (Direct Download Restricted),partner-berlingo-2002-2008-rear-tail-light-left-2-doors-facelift.jpg,EXACT MATCH,High (99%)
FEU AR PARTNER /BERLINGO 05 NM 2P G,Feu Arrière Gauche 2 Portes Battantes Nouveau Modèle,Peugeot Partner I / Citroën Berlingo I,1st Gen Facelift (M59),2002-2008 (NM 2005-2008),Feu Arrière,Arrière,Gauche (G),"2 Portes battantes (2P), Glace cristal/rouge (Nouveau Modèle)",6350T8 / 6350.T8,MAD / DEPO / MAGNETI MARELLI / TYC,DEPO Auto Lamp / Magneti Marelli Catalog,https://www.depoautolamp.com/catalog/peugeot/partner-2005/tail-light-552-1924l-ue,Duplicate Line of #41 (Catalog Ref),partner-berlingo-2002-2008-rear-tail-light-left-2-doors-facelift.jpg,EXACT MATCH,High (99%)
FEU AR PARTNER /BERLINGO 08 2P G,Feu Arrière Gauche 2 Portes Battantes,Peugeot Partner II / Citroën Berlingo II,2nd Gen (B9),2008-2018,Feu Arrière,Arrière,Gauche (G),2 Portes battantes (2P),6350GA / 6350.GA / 9677025580,MAD / VALEO / MAGNETI MARELLI / TYC,VALEO Service / Magneti Marelli Catalog,https://www.valeoservice.com/en/catalog/peugeot/partner-2008/rear-light-left-043885,Catalog Reference (Direct Download Restricted),partner-berlingo-2008-2018-rear-tail-light-left-2-doors.jpg,EXACT MATCH,High (99%)
FEU AR PARTNER /BERLINGO 08 2P G,Feu Arrière Gauche 2 Portes Battantes,Peugeot Partner II / Citroën Berlingo II,2nd Gen (B9),2008-2018,Feu Arrière,Arrière,Gauche (G),2 Portes battantes (2P),6350GA / 6350.GA / 9677025580,MAD / VALEO / MAGNETI MARELLI / TYC,VALEO Service / Magneti Marelli Catalog,https://www.valeoservice.com/en/catalog/peugeot/partner-2008/rear-light-left-043885,Duplicate Line of #43 (Catalog Ref),partner-berlingo-2008-2018-rear-tail-light-left-2-doors.jpg,EXACT MATCH,High (99%)
FEU AR PARTNER /BERLINGO 12 1P NOIRE D,Feu Arrière Droit 1 Porte / Hayon Masque Noir,Peugeot Partner II / Citroën Berlingo II,2nd Gen Phase 2/3 (B9),2012-2018,Feu Arrière,Arrière,Droit (D),"1 Porte / Hayon (1P), Masque intérieur noir (Black Bezel)",9677205480 / 1608405080,MARS / VALEO / MAGNETI MARELLI / TYC,VALEO Service / Magneti Marelli Catalog,https://www.valeoservice.com/en/catalog/peugeot/partner-2012/rear-light-right-black-044878,Catalog Reference (Direct Download Restricted),partner-berlingo-2012-2018-rear-tail-light-right-tailgate-black-bezel.jpg,EXACT MATCH,High (99%)
FEU AR PARTNER /BERLINGO 12 1P NOIRE G,Feu Arrière Gauche 1 Porte / Hayon Masque Noir,Peugeot Partner II / Citroën Berlingo II,2nd Gen Phase 2/3 (B9),2012-2018,Feu Arrière,Arrière,Gauche (G),"1 Porte / Hayon (1P), Masque intérieur noir (Black Bezel)",9677025580 / 1608404980,MARS / VALEO / MAGNETI MARELLI / TYC,VALEO Service / Magneti Marelli Catalog,https://www.valeoservice.com/en/catalog/peugeot/partner-2012/rear-light-left-black-044877,Catalog Reference (Direct Download Restricted),partner-berlingo-2012-2018-rear-tail-light-left-tailgate-black-bezel.jpg,EXACT MATCH,High (99%)
FEU AR PARTNER /BERLINGO 12-15 NOIR 2P D,Feu Arrière Droit 2 Portes Battantes Masque Noir,Peugeot Partner II / Citroën Berlingo II,2nd Gen Phase 2/3 (B9),2012-2018,Feu Arrière,Arrière,Droit (D),"2 Portes battantes (2P), Masque intérieur noir (Black Bezel)",1608405280 / 9677205480,MAD / VALEO / DEPO,VALEO Service / DEPO Catalog,https://www.valeoservice.com/en/catalog/citroen/berlingo-2012/rear-light-right-2doors-black-044878,Catalog Reference (Direct Download Restricted),partner-berlingo-2012-2018-rear-tail-light-right-2-doors-black-bezel.jpg,EXACT MATCH,High (99%)
FEU AR PARTNER /BERLINGO 12-15 NOIR 2P G,Feu Arrière Gauche 2 Portes Battantes Masque Noir,Peugeot Partner II / Citroën Berlingo II,2nd Gen Phase 2/3 (B9),2012-2018,Feu Arrière,Arrière,Gauche (G),"2 Portes battantes (2P), Masque intérieur noir (Black Bezel)",1608405180 / 9677025580,MAD / MARS / VALEO / DEPO,VALEO Service / DEPO Catalog,https://www.valeoservice.com/en/catalog/citroen/berlingo-2012/rear-light-left-2doors-black-044877,Catalog Reference (Direct Download Restricted),partner-berlingo-2012-2018-rear-tail-light-left-2-doors-black-bezel.jpg,EXACT MATCH,High (99%)
FEU AR PARTNER /BERLINGO 12-15 NOIR 2P G,Feu Arrière Gauche 2 Portes Battantes Masque Noir,Peugeot Partner II / Citroën Berlingo II,2nd Gen Phase 2/3 (B9),2012-2018,Feu Arrière,Arrière,Gauche (G),"2 Portes battantes (2P), Masque intérieur noir (Black Bezel)",1608405180 / 9677025580,MAD / MARS / VALEO / DEPO,VALEO Service / DEPO Catalog,https://www.valeoservice.com/en/catalog/citroen/berlingo-2012/rear-light-left-2doors-black-044877,Duplicate Line of #48 (Catalog Ref),partner-berlingo-2012-2018-rear-tail-light-left-2-doors-black-bezel.jpg,EXACT MATCH,High (99%)
FEU AR PARTNER /BERLINGO 96-04 1P D,Feu Arrière Droit 1 Porte / Hayon Classique,Peugeot Partner I / Citroën Berlingo I,1st Gen Phase 1/2 (M49/M59),1996-2004 (1996-2008),Feu Arrière,Arrière,Droit (D),"1 Porte / Hayon (1P), Clignotant Orange Classique",6351K0 / 6351.K0 / 6351J0,DEPO / MAGNETI MARELLI / VALEO,DEPO Auto Lamp / Magneti Marelli Catalog,https://www.depoautolamp.com/catalog/peugeot/partner-1996/tail-light-552-1922r-ue,Catalog Reference (Direct Download Restricted),partner-berlingo-1996-2004-rear-tail-light-right-tailgate-classic.jpg,EXACT MATCH,High (99%)
FEU AR PARTNER /BERLINGO 96-04 1P G,Feu Arrière Gauche 1 Porte / Hayon Classique,Peugeot Partner I / Citroën Berlingo I,1st Gen Phase 1/2 (M49/M59),1996-2004 (1996-2008),Feu Arrière,Arrière,Gauche (G),"1 Porte / Hayon (1P), Clignotant Orange Classique",6350K0 / 6350.K0 / 6350J0,DEPO / MAGNETI MARELLI / VALEO,DEPO Auto Lamp / Magneti Marelli Catalog,https://www.depoautolamp.com/catalog/peugeot/partner-1996/tail-light-552-1922l-ue,Catalog Reference (Direct Download Restricted),partner-berlingo-1996-2004-rear-tail-light-left-tailgate-classic.jpg,EXACT MATCH,High (99%)
FEU AR PARTNER 05-08 1P D,Feu Arrière Droit 1 Porte / Hayon Nouveau Modèle Cristal,Peugeot Partner I Facelift / Citroën Berlingo I,1st Gen Facelift (M59),2005-2008 (2002-2008),Feu Arrière,Arrière,Droit (D),"1 Porte / Hayon (1P), Glace cristal/rouge (Nouveau Modèle)",6351T7 / 6351.T7,MARS / DEPO / TYC / MAGNETI MARELLI,DEPO Auto Lamp / Magneti Marelli Catalog,https://www.depoautolamp.com/catalog/peugeot/partner-2005/tail-light-tailgate-552-1925r-ue,Catalog Reference (Direct Download Restricted),peugeot-partner-2005-2008-rear-tail-light-right-tailgate-facelift.jpg,EXACT MATCH,High (99%)
FEU AR PARTNER 05-08 1P D,Feu Arrière Droit 1 Porte / Hayon Nouveau Modèle Cristal,Peugeot Partner I Facelift / Citroën Berlingo I,1st Gen Facelift (M59),2005-2008 (2002-2008),Feu Arrière,Arrière,Droit (D),"1 Porte / Hayon (1P), Glace cristal/rouge (Nouveau Modèle)",6351T7 / 6351.T7,MARS / DEPO / TYC / MAGNETI MARELLI,DEPO Auto Lamp / Magneti Marelli Catalog,https://www.depoautolamp.com/catalog/peugeot/partner-2005/tail-light-tailgate-552-1925r-ue,Duplicate Line of #52 (Catalog Ref),peugeot-partner-2005-2008-rear-tail-light-right-tailgate-facelift.jpg,EXACT MATCH,High (99%)
FEU AR PARTNER 05-08 1P G,Feu Arrière Gauche 1 Porte / Hayon Nouveau Modèle Cristal,Peugeot Partner I Facelift / Citroën Berlingo I,1st Gen Facelift (M59),2005-2008 (2002-2008),Feu Arrière,Arrière,Gauche (G),"1 Porte / Hayon (1P), Glace cristal/rouge (Nouveau Modèle)",6350T7 / 6350.T7,MARS / DEPO / TYC / MAGNETI MARELLI,DEPO Auto Lamp / Magneti Marelli Catalog,https://www.depoautolamp.com/catalog/peugeot/partner-2005/tail-light-tailgate-552-1925l-ue,Catalog Reference (Direct Download Restricted),peugeot-partner-2005-2008-rear-tail-light-left-tailgate-facelift.jpg,EXACT MATCH,High (99%)
FEU AR PARTNER 08-12 D,Feu Arrière Droit (Phase 1),Peugeot Partner II / Citroën Berlingo II,2nd Gen Phase 1 (B9),2008-2012,Feu Arrière,Arrière,Droit (D),Phase 1 Standard,9677205480 / 6351GA / 6351.GA,DEPO / VALEO / MAGNETI MARELLI,Magneti Marelli / Valeo Catalog,https://www.magnetimarelli-aftermarket.com/catalog/peugeot/partner-2008/rear-light-714021670802,Catalog Reference (Direct Download Restricted),peugeot-partner-2008-2012-rear-tail-light-right.jpg,EXACT MATCH,High (99%)
FEU AR PARTNER 08-12 G,Feu Arrière Gauche (Phase 1),Peugeot Partner II / Citroën Berlingo II,2nd Gen Phase 1 (B9),2008-2012,Feu Arrière,Arrière,Gauche (G),Phase 1 Standard,9677025580 / 6350GA / 6350.GA,DEPO / VALEO / MAGNETI MARELLI,Magneti Marelli / Valeo Catalog,https://www.magnetimarelli-aftermarket.com/catalog/peugeot/partner-2008/rear-light-714021670701,Catalog Reference (Direct Download Restricted),peugeot-partner-2008-2012-rear-tail-light-left.jpg,EXACT MATCH,High (99%)
FEU AR PARTNER/BERLINGO 05 D,Feu Arrière Droit 2 Portes Battantes Cristal,Peugeot Partner I / Citroën Berlingo I,1st Gen Facelift (M59),2002-2008 (2005),Feu Arrière,Arrière,Droit (D),"2 Portes battantes (2P), Glace cristal/rouge",6351T8 / 6351.T8,PLEKSAN / DEPO / MAGNETI MARELLI,Pleksan Catalog / Depo Auto Lamp,https://www.pleksan.com.tr/en/product/peugeot-partner-2005-rear-lamp-4204,Catalog Reference (Direct Download Restricted),partner-berlingo-2002-2008-rear-tail-light-right-2-doors-facelift.jpg,EXACT MATCH,High (99%)
