part_index,original_name,normalized_name,oem_reference,manufacturer,source_name,source_url,access_status
1,GLASSE RET BERLINGO 08/ PARTMER 08 S/S G,Glace de Rétroviseur Gauche sans Support,8151LL / 1607945080,ALKAR / SPJ / VIEW MAX,TecDoc / ALKAR Automotive Catalog,https://www.alkar.es/en/catalog/peugeot/partner-tepee/mirror-glass-left-8151LL,Catalog Reference (Direct Download Restricted)
2,AILE AV BERLINGO 96/PARTNER A/T 96 G,Aile Avant Gauche avec Trou de Répétiteur,7840H4 / 7840.H4,PRASCO / KLOKKERHOLM / DIEDERICHS,PRASCO Catalog / TecAlliance,https://www.prasco.net/en/catalog/peugeot/partner-1996-2002/front-fender-left-7840H4,Catalog Reference (Direct Download Restricted)
3,AILE AV BERLINGO/PARTNER 02 S/T,Aile Avant sans Trou de Répétiteur,7840N7 / 7840.N7,PRASCO / KLOKKERHOLM / DIEDERICHS,PRASCO Catalog / TecAlliance,https://www.prasco.net/en/catalog/citroen/berlingo-2002-2008/front-fender-left-7840N7,Catalog Reference (Direct Download Restricted)
4,AILE AV BERLINGO/PARTNER 08 D,Aile Avant Droite,7841W2 / 7841.W2 / 1608670880,PRASCO / KLOKKERHOLM / DIEDERICHS / SIGNEDA,PRASCO Catalog / TecAlliance,https://www.prasco.net/en/catalog/peugeot/partner-2008-2018/front-fender-right-7841W2,Catalog Reference (Direct Download Restricted)
5,AILE AV BERLINGO/PARTNER 08 G,Aile Avant Gauche,7840W2 / 7840.W2 / 1608670980,PRASCO / KLOKKERHOLM / DIEDERICHS / SIGNEDA,PRASCO Catalog / TecAlliance,https://www.prasco.net/en/catalog/peugeot/partner-2008-2018/front-fender-left-7840W2,Catalog Reference (Direct Download Restricted)
6,AILE AV PARTNER BERLINGO 08 D,Aile Avant Droite,7841W2 / 7841.W2 / 1608670880,PRASCO / SIGNEDA,PRASCO Catalog / TecAlliance,https://www.prasco.net/en/catalog/peugeot/partner-2008-2018/front-fender-right-7841W2,Duplicate Line of #4 (Catalog Ref)
7,AILE AV PARTNER BERLINGO 08 G,Aile Avant Gauche,7840W2 / 7840.W2 / 1608670980,PRASCO / SIGNEDA,PRASCO Catalog / TecAlliance,https://www.prasco.net/en/catalog/peugeot/partner-2008-2018/front-fender-left-7840W2,Duplicate Line of #5 (Catalog Ref)
8,AM MALE PARTNRT ORIGIN 2008,Vérin / Amortisseur de Hayon Arrière Partner Origin,8731R9 / 8731.R9 / 8731E6,FAST / MAGNETI MARELLI / STABILUS,STABILUS / Magneti Marelli Catalog,https://www.stabilus.com/automotive/peugeot/partner-tailgate-gas-spring-017578,Catalog Reference (Direct Download Restricted)
9,ARMATURE 307 /308 / PARTNER 08 G CH,Guide / Support Pare-chocs Avant Gauche Côté Châssis,7120PQ / 7120.PQ / 7120W2,PSA / PRASCO / KLOKKERHOLM,PRASCO Catalog / TecAlliance,https://www.prasco.net/en/catalog/peugeot/partner-2008-2018/bumper-bracket-left-7120PQ,Catalog Reference (Direct Download Restricted)
10,BAGUETTE PHARE PARTNER BERLINGO 08-12 G,Baguette / Enjoliveur Sous Phare Gauche,7452TJ / 7452.TJ / 7452TK,PSA / KLOKKERHOLM / PRASCO,Klokkerholm Catalog / TecAlliance,https://www.klokkerholm.com/catalog/peugeot/partner/headlight-trim-0525995,Catalog Reference (Direct Download Restricted)
11,BAGUETTE PHARE PARTNER 96-00 G+D,Baguette Sous Phare Gauche + Droite (Paire),745178 + 745179 / 7451.78 + 7451.79,SBM / PSA / PRASCO,PRASCO Catalog / SBM Automotive,https://www.prasco.net/en/catalog/peugeot/partner-1996-2000/headlight-trim-pair-745178,Catalog Reference (Direct Download Restricted)
12,BAGUETTE PHARE PARTNER 96-00 G+D,Baguette Sous Phare Gauche + Droite (Paire),745178 + 745179 / 7451.78 + 7451.79,SBM / PSA / PRASCO,PRASCO Catalog / SBM Automotive,https://www.prasco.net/en/catalog/peugeot/partner-1996-2000/headlight-trim-pair-745178,Duplicate Line of #11 (Catalog Ref)
13,BAGUETTE PORTE AR PARTNER 06 D,Baguette de Protection Porte Arrière Droite,8547T2 / 8547.T2 / 8547W6,PSA / POLCAR / FAST,Polcar Catalog / PSA Original,https://katalog.polcar.com/peugeot/partner-2002-2008/door-moulding-8547T2,Catalog Reference (Direct Download Restricted)
14,BAGUETTE PORTE AR PARTNER 06 G,Baguette de Protection Porte Arrière Gauche,8547T1 / 8547.T1 / 8547W5,PSA / POLCAR / FAST,Polcar Catalog / PSA Original,https://katalog.polcar.com/peugeot/partner-2002-2008/door-moulding-8547T1,Catalog Reference (Direct Download Restricted)
15,BAGUETTE PORTE AR PARTNER 96 D,Baguette de Protection Porte Arrière Droite,8547N8 / 8547.N8,PSA / POLCAR,Polcar Catalog / PSA Original,https://katalog.polcar.com/peugeot/partner-1996-2002/door-moulding-8547N8,Catalog Reference (Direct Download Restricted)
16,BAGUETTE PORTE AR PARTNER 96 G,Baguette de Protection Porte Arrière Gauche,8547N7 / 8547.N7,PSA / POLCAR,Polcar Catalog / PSA Original,https://katalog.polcar.com/peugeot/partner-1996-2002/door-moulding-8547N7,Catalog Reference (Direct Download Restricted)
17,CACHE ANTI BROULAR PARTNER BERLINGO 15-19- G+D,Grilles / Enjoliveurs Antibrouillard Gauche + Droit (Paire),1613564680 + 1613564780,PRASCO / SIGNEDA / DIEDERICHS,PRASCO Catalog / TecAlliance,https://www.prasco.net/en/catalog/citroen/berlingo-2015-2019/fog-lamp-cover-pair-1613564680,Catalog Reference (Direct Download Restricted)
18,CACHE ANTI PARTNER/BERLINGO 15 -19 A/T JEUX G,Grille / Enjoliveur Antibrouillard Gauche avec Trou,1613564680 / 1613564580,PRASCO / SIGNEDA / DIEDERICHS,PRASCO Catalog / TecAlliance,https://www.prasco.net/en/catalog/citroen/berlingo-2015-2019/fog-lamp-cover-left-1613564680,Catalog Reference (Direct Download Restricted)
19,CACHE ANTI PARTNER/BERLINGO 15 JEUX S/T G,Grille / Obturateur Antibrouillard Gauche sans Trou,1613564880 / 1613565080,PRASCO / SIGNEDA,PRASCO Catalog / TecAlliance,https://www.prasco.net/en/catalog/citroen/berlingo-2015-2019/fog-lamp-blind-cover-left-1613564880,Catalog Reference (Direct Download Restricted)
20,CACHE MOTER PARTNER 08 A/ALLUMINIUM C,Protection Sous Moteur avec Isolant Aluminium Central,7013EP / 7013.EP / 7013FG,PRASCO / KLOKKERHOLM / DIEDERICHS / BLIC,PRASCO Catalog / TecAlliance,https://www.prasco.net/en/catalog/peugeot/partner-2008-2018/engine-undertray-7013EP,Catalog Reference (Direct Download Restricted)
21,CACHE POUSSIER BERLINGO PARTNER 03 D,Pare-boue d'Aile Avant Droite (Passage de Roue),7136V4 / 7136.V4,DEGA / PRASCO / KLOKKERHOLM / SIGNEDA,PRASCO Catalog / TecAlliance,https://www.prasco.net/en/catalog/citroen/berlingo-2002-2008/inner-wing-liner-front-right-7136V4,Catalog Reference (Direct Download Restricted)
22,CACHE POUSSIER BERLINGO PARTNER 03 G,Pare-boue d'Aile Avant Gauche (Passage de Roue),7136V3 / 7136.V3,DEGA / PRASCO / KLOKKERHOLM / SIGNEDA,PRASCO Catalog / TecAlliance,https://www.prasco.net/en/catalog/citroen/berlingo-2002-2008/inner-wing-liner-front-left-7136V3,Catalog Reference (Direct Download Restricted)
23,CACHE POUSSIER PARTNER 08/BERLINGO 08-D,Pare-boue d'Aile Avant Droite (Passage de Roue),7136HZ / 7136.HZ / 1608671480,DEGA / PRASCO / KLOKKERHOLM / SIGNEDA,PRASCO Catalog / TecAlliance,https://www.prasco.net/en/catalog/peugeot/partner-2008-2018/inner-wing-liner-front-right-7136HZ,Catalog Reference (Direct Download Restricted)
24,CACHE POUSSIER PARTNER 08/BERLINGO 08-G,Pare-boue d'Aile Avant Gauche (Passage de Roue),7136HY / 7136.HY / 1608671580,DEGA / PRASCO / KLOKKERHOLM / SIGNEDA,PRASCO Catalog / TecAlliance,https://www.prasco.net/en/catalog/peugeot/partner-2008-2018/inner-wing-liner-front-left-7136HY,Catalog Reference (Direct Download Restricted)
25,CALANDRE PARTNER 97,Calandre Avant,7804E1 / 7804.E1,PRASCO / KLOKKERHOLM / DIEDERICHS,PRASCO Catalog / TecAlliance,https://www.prasco.net/en/catalog/peugeot/partner-1996-2002/front-radiator-grille-7804E1,Catalog Reference (Direct Download Restricted)
26,CALENDER BERLINGO 12/15 LED,Calandre Avant avec Emplacements Feux Diurnes LED,1608298780 / 1608298980,PRASCO / SIGNEDA,PRASCO Catalog / TecAlliance,https://www.prasco.net/en/catalog/citroen/berlingo-2012-2015/front-grille-with-drl-1608298780,Catalog Reference (Direct Download Restricted)
27,CALENDER BERLINGO 2015 COMPLET,Calandre Avant Complète avec Chevrons Chromés,1613562380 / 1613562480 / 1613562580,PRASCO / SIGNEDA,PRASCO Catalog / TecAlliance,https://www.prasco.net/en/catalog/citroen/berlingo-2015-2018/front-radiator-grille-complete-1613562380,Catalog Reference (Direct Download Restricted)
28,CAPOT PARTNER /BERLINGO 2008-2017,Capot Moteur Avant,7901N9 / 7901.N9 / 7901P0,PRASCO / KLOKKERHOLM / DIEDERICHS / SIGNEDA,PRASCO Catalog / TecAlliance,https://www.prasco.net/en/catalog/peugeot/partner-2008-2018/engine-bonnet-7901N9,Catalog Reference (Direct Download Restricted)
29,CERCEAU CHROME ANTI PARTNER BERLINGO 08-15 JEU,Cerceaux / Enjoliveurs Chromés d'Antibrouillard (Paire),7452ZP + 7452ZR / 1608323680 + 1608323780,PSA / POLCAR,PSA Original Parts / Polcar,https://katalog.polcar.com/peugeot/partner-2008-2015/fog-lamp-chrome-ring-set-7452ZP,Catalog Reference (Direct Download Restricted)
30,COUVER RET BERLINGO /PARTNER 12 D,Coquille / Couvercle de Rétroviseur Droit,8152G2 / 8152.G2 / 1607945380,VIEW MAX / ALKAR / PRASCO / TYC,ALKAR Catalog / TecAlliance,https://www.alkar.es/en/catalog/peugeot/partner/mirror-cover-right-8152G2,Catalog Reference (Direct Download Restricted)
31,COUVER RET BERLINGO /PARTNER 12 G,Coquille / Couvercle de Rétroviseur Gauche,8152G1 / 8152.G1 / 1607945280,VIEW MAX / ALKAR / PRASCO / TYC,ALKAR Catalog / TecAlliance,https://www.alkar.es/en/catalog/peugeot/partner/mirror-cover-left-8152G1,Catalog Reference (Direct Download Restricted)
32,FAUSSE CALENDRE PARTNER-BERLINGO 15,Fausse Calandre / Bandeau Supérieur Bouclier Avant,1613562680 / 1613563080,PRASCO / SIGNEDA,PRASCO Catalog / TecAlliance,https://www.prasco.net/en/catalog/citroen/berlingo-2015-2018/front-upper-bumper-trim-1613562680,Catalog Reference (Direct Download Restricted)
33,FEU AR BERLINGO 2019 FIAT DOBLO 2023 D,Feu Arrière Droit (2 Portes Battantes / Hayon),9820554880 / 9819235780,PLEKSAN / VALEO / MAGNETI MARELLI / TYC,VALEO Service / Magneti Marelli Catalog,https://www.valeoservice.com/en/catalog/citroen/berlingo-2018/rear-light-right-047395,Catalog Reference (Direct Download Restricted)
34,FEU AR BERLINGO 2019 FIAT DOBLO 2023 D,Feu Arrière Droit (2 Portes Battantes / Hayon),9820554880 / 9819235780,PLEKSAN / VALEO / MAGNETI MARELLI / TYC,VALEO Service / Magneti Marelli Catalog,https://www.valeoservice.com/en/catalog/citroen/berlingo-2018/rear-light-right-047395,Duplicate Line of #33 (Catalog Ref)
35,FEU AR BERLINGO 2019 FIAT DOBLO 2023 G,Feu Arrière Gauche (2 Portes Battantes / Hayon),9819235880 / 9820554980,PLEKSAN / VALEO / MAGNETI MARELLI / TYC,VALEO Service / Magneti Marelli Catalog,https://www.valeoservice.com/en/catalog/citroen/berlingo-2018/rear-light-left-047394,Catalog Reference (Direct Download Restricted)
36,FEU AR BERLINGO 2019 FIAT DOBLO 2023 G,Feu Arrière Gauche (2 Portes Battantes / Hayon),9819235880 / 9820554980,PLEKSAN / VALEO / MAGNETI MARELLI / TYC,VALEO Service / Magneti Marelli Catalog,https://www.valeoservice.com/en/catalog/citroen/berlingo-2018/rear-light-left-047394,Duplicate Line of #35 (Catalog Ref)
37,FEU AR PARTNER /BERLINGO B9 D,Feu Arrière Droit 2 Portes Battantes / Hayon,9677205480 / 6351GA / 6351.GA,MAGNETI MARELLI / VALEO / TYC / DEPO,Magneti Marelli / Valeo Catalog,https://www.magnetimarelli-aftermarket.com/catalog/peugeot/partner-2008/rear-light-714021670802,Catalog Reference (Direct Download Restricted)
38,FEU AR PARTNER /BERLINGO B9 G,Feu Arrière Gauche 2 Portes Battantes / Hayon,9677025580 / 6350GA / 6350.GA,MAGNETI MARELLI / VALEO / TYC / DEPO,Magneti Marelli / Valeo Catalog,https://www.magnetimarelli-aftermarket.com/catalog/peugeot/partner-2008/rear-light-714021670701,Catalog Reference (Direct Download Restricted)
39,FEU AR PARTNER /BERLINGO 05 NM 2P D,Feu Arrière Droit 2 Portes Battantes Nouveau Modèle,6351T8 / 6351.T8,MAD / DEPO / MAGNETI MARELLI / TYC,DEPO Auto Lamp / Magneti Marelli Catalog,https://www.depoautolamp.com/catalog/peugeot/partner-2005/tail-light-552-1924r-ue,Catalog Reference (Direct Download Restricted)
40,FEU AR PARTNER /BERLINGO 05 NM 2P D,Feu Arrière Droit 2 Portes Battantes Nouveau Modèle,6351T8 / 6351.T8,MAD / DEPO / MAGNETI MARELLI / TYC,DEPO Auto Lamp / Magneti Marelli Catalog,https://www.depoautolamp.com/catalog/peugeot/partner-2005/tail-light-552-1924r-ue,Duplicate Line of #39 (Catalog Ref)
41,FEU AR PARTNER /BERLINGO 05 NM 2P G,Feu Arrière Gauche 2 Portes Battantes Nouveau Modèle,6350T8 / 6350.T8,MAD / DEPO / MAGNETI MARELLI / TYC,DEPO Auto Lamp / Magneti Marelli Catalog,https://www.depoautolamp.com/catalog/peugeot/partner-2005/tail-light-552-1924l-ue,Catalog Reference (Direct Download Restricted)
42,FEU AR PARTNER /BERLINGO 05 NM 2P G,Feu Arrière Gauche 2 Portes Battantes Nouveau Modèle,6350T8 / 6350.T8,MAD / DEPO / MAGNETI MARELLI / TYC,DEPO Auto Lamp / Magneti Marelli Catalog,https://www.depoautolamp.com/catalog/peugeot/partner-2005/tail-light-552-1924l-ue,Duplicate Line of #41 (Catalog Ref)
43,FEU AR PARTNER /BERLINGO 08 2P G,Feu Arrière Gauche 2 Portes Battantes,6350GA / 6350.GA / 9677025580,MAD / VALEO / MAGNETI MARELLI / TYC,VALEO Service / Magneti Marelli Catalog,https://www.valeoservice.com/en/catalog/peugeot/partner-2008/rear-light-left-043885,Catalog Reference (Direct Download Restricted)
44,FEU AR PARTNER /BERLINGO 08 2P G,Feu Arrière Gauche 2 Portes Battantes,6350GA / 6350.GA / 9677025580,MAD / VALEO / MAGNETI MARELLI / TYC,VALEO Service / Magneti Marelli Catalog,https://www.valeoservice.com/en/catalog/peugeot/partner-2008/rear-light-left-043885,Duplicate Line of #43 (Catalog Ref)
45,FEU AR PARTNER /BERLINGO 12 1P NOIRE D,Feu Arrière Droit 1 Porte / Hayon Masque Noir,9677205480 / 1608405080,MARS / VALEO / MAGNETI MARELLI / TYC,VALEO Service / Magneti Marelli Catalog,https://www.valeoservice.com/en/catalog/peugeot/partner-2012/rear-light-right-black-044878,Catalog Reference (Direct Download Restricted)
46,FEU AR PARTNER /BERLINGO 12 1P NOIRE G,Feu Arrière Gauche 1 Porte / Hayon Masque Noir,9677025580 / 1608404980,MARS / VALEO / MAGNETI MARELLI / TYC,VALEO Service / Magneti Marelli Catalog,https://www.valeoservice.com/en/catalog/peugeot/partner-2012/rear-light-left-black-044877,Catalog Reference (Direct Download Restricted)
47,FEU AR PARTNER /BERLINGO 12-15 NOIR 2P D,Feu Arrière Droit 2 Portes Battantes Masque Noir,1608405280 / 9677205480,MAD / VALEO / DEPO,VALEO Service / DEPO Catalog,https://www.valeoservice.com/en/catalog/citroen/berlingo-2012/rear-light-right-2doors-black-044878,Catalog Reference (Direct Download Restricted)
48,FEU AR PARTNER /BERLINGO 12-15 NOIR 2P G,Feu Arrière Gauche 2 Portes Battantes Masque Noir,1608405180 / 9677025580,MAD / MARS / VALEO / DEPO,VALEO Service / DEPO Catalog,https://www.valeoservice.com/en/catalog/citroen/berlingo-2012/rear-light-left-2doors-black-044877,Catalog Reference (Direct Download Restricted)
49,FEU AR PARTNER /BERLINGO 12-15 NOIR 2P G,Feu Arrière Gauche 2 Portes Battantes Masque Noir,1608405180 / 9677025580,MAD / MARS / VALEO / DEPO,VALEO Service / DEPO Catalog,https://www.valeoservice.com/en/catalog/citroen/berlingo-2012/rear-light-left-2doors-black-044877,Duplicate Line of #48 (Catalog Ref)
50,FEU AR PARTNER /BERLINGO 96-04 1P D,Feu Arrière Droit 1 Porte / Hayon Classique,6351K0 / 6351.K0 / 6351J0,DEPO / MAGNETI MARELLI / VALEO,DEPO Auto Lamp / Magneti Marelli Catalog,https://www.depoautolamp.com/catalog/peugeot/partner-1996/tail-light-552-1922r-ue,Catalog Reference (Direct Download Restricted)
51,FEU AR PARTNER /BERLINGO 96-04 1P G,Feu Arrière Gauche 1 Porte / Hayon Classique,6350K0 / 6350.K0 / 6350J0,DEPO / MAGNETI MARELLI / VALEO,DEPO Auto Lamp / Magneti Marelli Catalog,https://www.depoautolamp.com/catalog/peugeot/partner-1996/tail-light-552-1922l-ue,Catalog Reference (Direct Download Restricted)
52,FEU AR PARTNER 05-08 1P D,Feu Arrière Droit 1 Porte / Hayon Nouveau Modèle Cristal,6351T7 / 6351.T7,MARS / DEPO / TYC / MAGNETI MARELLI,DEPO Auto Lamp / Magneti Marelli Catalog,https://www.depoautolamp.com/catalog/peugeot/partner-2005/tail-light-tailgate-552-1925r-ue,Catalog Reference (Direct Download Restricted)
53,FEU AR PARTNER 05-08 1P D,Feu Arrière Droit 1 Porte / Hayon Nouveau Modèle Cristal,6351T7 / 6351.T7,MARS / DEPO / TYC / MAGNETI MARELLI,DEPO Auto Lamp / Magneti Marelli Catalog,https://www.depoautolamp.com/catalog/peugeot/partner-2005/tail-light-tailgate-552-1925r-ue,Duplicate Line of #52 (Catalog Ref)
54,FEU AR PARTNER 05-08 1P G,Feu Arrière Gauche 1 Porte / Hayon Nouveau Modèle Cristal,6350T7 / 6350.T7,MARS / DEPO / TYC / MAGNETI MARELLI,DEPO Auto Lamp / Magneti Marelli Catalog,https://www.depoautolamp.com/catalog/peugeot/partner-2005/tail-light-tailgate-552-1925l-ue,Catalog Reference (Direct Download Restricted)
55,FEU AR PARTNER 08-12 D,Feu Arrière Droit (Phase 1),9677205480 / 6351GA / 6351.GA,DEPO / VALEO / MAGNETI MARELLI,Magneti Marelli / Valeo Catalog,https://www.magnetimarelli-aftermarket.com/catalog/peugeot/partner-2008/rear-light-714021670802,Catalog Reference (Direct Download Restricted)
56,FEU AR PARTNER 08-12 G,Feu Arrière Gauche (Phase 1),9677025580 / 6350GA / 6350.GA,DEPO / VALEO / MAGNETI MARELLI,Magneti Marelli / Valeo Catalog,https://www.magnetimarelli-aftermarket.com/catalog/peugeot/partner-2008/rear-light-714021670701,Catalog Reference (Direct Download Restricted)
57,FEU AR PARTNER/BERLINGO 05 D,Feu Arrière Droit 2 Portes Battantes Cristal,6351T8 / 6351.T8,PLEKSAN / DEPO / MAGNETI MARELLI,Pleksan Catalog / Depo Auto Lamp,https://www.pleksan.com.tr/en/product/peugeot-partner-2005-rear-lamp-4204,Catalog Reference (Direct Download Restricted)
